"asc_tele","b_childlt6","b_commtime","b_efact9","b_jobhome","b_manconst","b_jobconst","b_age","logLike"
0,0,0,0,0,0,0,0,-115.062431972951
0,0,0,0,0,0,0,0,-115.062431972951
0,0,0,0,0,0,0,0,-115.062431972951
-7.68000001698966e-06,1.15200000072946e-05,-0.00100544000000809,4.1386880002392e-05,3.19999999919674e-05,-7.16799999645446e-05,-6.27199999507866e-05,-2.94399999984307e-05,-114.766921589043
0.368216899670277,1.12847153484771,0.00202698164638609,3.55897364930089,3.35998683567025,-5.27590533890487,-4.60643185805269,-1.79147615329844,-70.4305483014905
1.22810310647428,0.899634395821764,-0.0163008338692118,3.02626675999463,4.19656541275619,-5.83455829624115,-4.02844685060092,-1.67314081924443,-62.4055400876885
1.33342348659084,-1.40869109989866,-0.00422308831405449,2.45532436394714,3.77113011506957,-6.3908991980348,-2.77979951299795,-2.97175207203049,-53.1029401316093
1.56105152744654,-2.00370064443882,-0.010244336666909,2.54952966999936,3.80580094238442,-5.9716344176001,-2.72243659494183,-2.97613861390772,-50.2598464684688
1.94591779690321,-2.08273662529557,-0.0233930160057933,1.79855400248935,3.45674595901928,-4.48185312789111,-2.91904970787789,-2.78670735976536,-46.1365364883808
1.47757664151654,-1.66379630455215,-0.021281048656777,2.15081467537389,3.00778779532778,-4.81312580374223,-2.66624122732127,-1.87198230633977,-45.4777423402244
1.3078344852098,-1.03935410519984,-0.0205007490411327,2.17777645842359,3.12566775646754,-4.668551620367,-2.46060968312151,-2.25038406393089,-45.3783355714579
1.14690489135262,-1.22852470342164,-0.0169076561918367,1.64287387442866,3.29441633577367,-4.59500919501021,-2.78606307198159,-2.16737101691508,-45.0897596704625
1.04319955982018,-1.35034129824156,-0.0200050086849902,1.84588757188209,3.34404259000058,-4.45079007228169,-2.53508625426691,-1.98606021796427,-44.8583777335238
0.807000758784873,-1.25901252777874,-0.018353112687963,1.83063490374504,3.42399358448536,-4.38440894073167,-2.45066059081293,-1.98330045232596,-44.7689856941064
0.387937605645906,-1.09709841815967,-0.0170880069428383,1.7366288039921,3.6450031901467,-4.17947820218605,-2.34836154189228,-1.8671425160146,-44.7015844941683
0.283377714451986,-1.14183901461559,-0.0165402769397073,1.69554481911597,3.69821448750753,-4.13837054932932,-2.32009935422718,-1.84749244268127,-44.6963142627013
0.283837769794505,-1.13157619061082,-0.0168131239363325,1.70411565203423,3.71680964183497,-4.14308109745388,-2.32840784199563,-1.83775082732964,-44.6945336280638
0.266910224196909,-1.12678435209904,-0.016915818375867,1.7064035980751,3.7402035910743,-4.14524887056332,-2.33295820152191,-1.83729747230701,-44.693219030813
0.0711612135072371,-1.11401851471746,-0.017305002838965,1.71807981820612,3.9643349493357,-4.15900501784026,-2.34776850674778,-1.83617383739751,-44.6851544878294
-0.296607287853086,-1.10734508811938,-0.0174977184812986,1.72279258532279,4.34517240432526,-4.16744096184483,-2.35498968384521,-1.83707745590261,-44.6747842085925
-0.296608498901398,-1.10734603048559,-0.017463303092917,1.72279255627344,4.34517152777328,-4.16744119634858,-2.35498939009061,-1.83707823741694,-44.6747366070646
-0.321936911269135,-1.12348113907596,-0.0167801698682699,1.7203273105526,4.32510517022579,-4.17249740021008,-2.35190110976507,-1.85280277941552,-44.6724665486755
-0.323526476345011,-1.13308412901624,-0.0167843285759663,1.71209030438638,4.32922996605146,-4.17232210381733,-2.34310686199984,-1.85218526243827,-44.6714706032016
-0.331358412302502,-1.14963518950305,-0.0171009536599407,1.72218636373323,4.35796507083063,-4.15207877534376,-2.32824904397425,-1.8545961496989,-44.6713740241332
-0.344706527611256,-1.14099962782148,-0.0170474111419006,1.7077748035195,4.3733005154939,-4.16630146995683,-2.34007055502827,-1.8505576215164,-44.6703201016991
-0.364755257863995,-1.13744878285889,-0.0169746983021727,1.710989731093,4.38627978553401,-4.17274070897181,-2.33580033657575,-1.8517114092409,-44.6697663818386
-0.452604539516283,-1.14305511474336,-0.0168065558367729,1.71564837754826,4.45736063272736,-4.1746684218273,-2.34096809661625,-1.84505799384583,-44.6684148167659
-0.730095925030988,-1.1316059706605,-0.0165391538566933,1.71091532537588,4.72129891365655,-4.17119117278288,-2.33517498190791,-1.86767460146962,-44.6649613728043
-1.11385989498816,-1.13041117205456,-0.0166760786898487,1.72113031487615,5.1055419736946,-4.18367056111986,-2.32121062791927,-1.85381161227618,-44.658725509275
-1.90446908868368,-1.13635885351753,-0.0168634842793036,1.71110137483748,5.90938744643909,-4.16589323984734,-2.32566059812387,-1.84435518734553,-44.6498617305091
-2.52172284296655,-1.13575988994572,-0.0169308848585895,1.70587829871571,6.53265824139143,-4.15853011948224,-2.32735314480192,-1.84419696151732,-44.647188683617
-3.19194503075994,-1.13562844097626,-0.0169340535310784,1.7051263016619,7.20342568586325,-4.15762915667363,-2.32770709969359,-1.84454560954603,-44.6457339093995
-3.89116131787577,-1.1357792097568,-0.0169194909229888,1.70631805830669,7.90170205355641,-4.15951079145411,-2.32748425798436,-1.84514118249312,-44.6449403657183
-4.57834211445341,-1.13601632882162,-0.0169111797944974,1.70710528961584,8.58844511531308,-4.16076211738087,-2.32740370767451,-1.84557189742526,-44.6445587382141
-5.26670111264896,-1.1361005746135,-0.0169105307103683,1.70722257782767,9.2768334311738,-4.16096251647788,-2.32743010634982,-1.84567373255389,-44.64436815633
-5.96108136658175,-1.13605844562385,-0.016912233787728,1.70706704831231,9.9713048402119,-4.16071463837652,-2.32744625178035,-1.84558528858299,-44.644271354621
-6.6535052812595,-1.13599510559944,-0.0169132353717562,1.70694654545133,10.6637451970864,-4.16051392248675,-2.32743647152078,-1.84549327135961,-44.6442232265786
-6.65350528306112,-1.13599510561326,-0.0169132634010187,1.70694654645332,10.6637451959008,-4.16051392320243,-2.32743647218889,-1.84549327239243,-44.6442232265468
0,0,0,0,0,-115.755579153511
0,0,0,0,0,-115.755579153511
0,0,0,0,0,-115.755579153511
-4.47999999960303e-05,-0.0027257599999939,-8.96000001375797e-06,-5.63199999669451e-05,-6.09629696191405e-05,-113.921486485902
-0.256777089455664,-0.000463013415757123,0.249345934238377,-0.733235427264695,-0.980908734544751,-92.3988848275312
-0.30243069613625,-0.00116840885432029,0.551583716211486,-1.18592391172466,-0.840847717701931,-87.0548145369638
-1.55589487338942,-0.00598979851267183,2.33854486452308,-1.30370396531752,-0.858187174217885,-81.1227041447506
-1.79117134862032,-0.00385115518868673,2.37958469599153,-1.38061465354982,-0.824823443631122,-80.3578448825197
-2.24321445314832,-0.00357910560230876,2.83368479545615,-1.93522517055311,-0.988859735662202,-78.2428502052403
-2.91321795951006,-0.00340167761670955,3.47257946634976,-2.03043801676431,-1.12080770754905,-77.6105653520243
-3.52048496757656,-0.00374523168234534,4.11332986306544,-2.06844154840131,-1.19889004109274,-77.3569978217649
-4.10366793169658,-0.00397604817542477,4.71925528982559,-2.06223377854088,-1.22192541437381,-77.2274764464538
-4.7856881445381,-0.00410256270099611,5.41436537401071,-2.04210787190246,-1.21067117219043,-77.1315179871531
-5.4871145757218,-0.00410415418077074,6.11711388051569,-2.02785942632883,-1.18429127346141,-77.0777572879101
-5.48711481951571,-0.00411851316008588,6.11711374867639,-2.02785958484186,-1.18429078886426,-77.0776979037722
-5.48873224850627,-0.00408859064009721,6.11724531293092,-2.02986363524036,-1.17707324179686,-77.0766113485396
-5.49656948006153,-0.00402219037692087,6.11872746584886,-2.03257173978265,-1.17638556683154,-77.0763257433702
-5.56806648587069,-0.00408568393378842,6.20015256913089,-2.05326903509588,-1.1590662880389,-77.0753705878538
-5.61594850615431,-0.00398416003971851,6.23171227294421,-2.02081030316494,-1.15501648386964,-77.0733112003416
-5.68620228893533,-0.00396506577256888,6.30148425335333,-2.02722868251237,-1.17425652531458,-77.0692247546634
-5.88074120022671,-0.00398444499828776,6.4989400165771,-2.03141355337907,-1.17865395870888,-77.0629758650964
-6.73856894339802,-0.00405220708159593,7.36477287744361,-2.03493361046193,-1.17842502740572,-77.0456465928445
-7.36831872971908,-0.00405341152810018,7.99412804987321,-2.03219315145441,-1.17436641029129,-77.0396265132044
-8.07876435012401,-0.00405162534332719,8.70413097607782,-2.03092856950696,-1.17268059647539,-77.0362412532666
-8.76226015712436,-0.00405174553806279,9.38767116864948,-2.03109943900513,-1.17291923679347,-77.0346229609219
-8.76226015828881,-0.00405156455665707,9.38767117170523,-2.03109944180553,-1.17291924947023,-77.0346229514402
0,0,0,0,0,0,0,-230.818011126462
0,0,0,0,0,0,0,-230.818011126462
0,0,0,0,0,0,0,-230.818011126462
-4.47999999596505e-05,-1.79199999547564e-05,-0.00272576000003028,3.53654527862091e-05,-5.63200000033249e-05,-4.99200000194833e-05,-2.81600000016624e-05,-228.983773305288
-0.256659939185376,-0.17398358941525,0.00557636092688936,0.595981946085588,-0.733102042106134,-0.624370950321328,-0.146255926696805,-212.189597907739
0.80015175896129,-0.5074622891487,-0.00234398380814869,0.187623607574864,-2.12063738315052,-0.990451810894186,0.432631204385536,-208.887234623412
1.13903667769174,-0.652513668424124,-0.00486538904744867,0.466921036197586,-2.15999032286295,-0.795845463675028,0.158228715271203,-207.197450327827
1.11590022319396,-0.799993559147429,-0.00249182517167668,0.379475232821662,-2.04936706429277,-0.87670357867699,-0.173484591522333,-206.235403988255
1.02480983729965,-0.794808439559962,-0.00320535505633168,0.506868282667092,-1.84904325146061,-0.944599796825161,-0.100891596989918,-205.525391481889
0.912951529327185,-0.643845611435223,-0.00272679648142353,0.536062225283025,-1.88656319455429,-0.860899252589299,-0.132297802812236,-205.286736347625
0.86432877262289,-0.686696261492012,-0.00244516992549962,0.550881366149019,-1.89739311337604,-0.822461298078515,-0.123002005617342,-205.233239499071
0.874951446444493,-0.657930196833685,-0.00298769607637153,0.655870095160798,-1.85369294762393,-0.925460246759473,-0.170381693656709,-205.195949003803
0.859595320722155,-0.689258796079082,-0.00264068766941325,0.617875188259454,-1.90903469095517,-0.873573362250685,-0.143444904504154,-205.151609784487
0.863497468158876,-0.691481273121418,-0.00264190472273332,0.616964663877936,-1.92054496099371,-0.876594109396473,-0.141463631712684,-205.150772675362
0.865670516561415,-0.692402425760944,-0.00264756052803714,0.617653274174165,-1.9264554881648,-0.879422620859071,-0.141032353921412,-205.150641959245
0.865728596708952,-0.692387161284054,-0.00264834737605398,0.617761137141772,-1.92652400686428,-0.879573019483611,-0.14107373053426,-205.150641669243
0,0,0,0,-231.511158307022
0,0,0,0,-231.511158307022
0,0,0,0,-231.511158307022
-8.95999997737818e-06,-0.0010131199999887,-7.29599999613129e-05,-4.57422463659896e-05,-231.213292573754
0.0546985209502443,0.00245344310368427,-1.06885500642917,-0.74338022504781,-205.690198178729
0.267758366525629,0.00391945489730737,-1.80818203384824,-0.409050641120335,-195.786572960063
1.46574497966959,-0.00951492109021428,-2.15684207901828,-0.465473351287623,-193.204796276891
1.24808610142244,-0.00281257289121326,-3.34655529596878,-0.392854557783506,-186.700081419381
1.21154292754406,-0.00311637499699484,-3.53925238395348,-0.489857948048241,-186.095480196596
1.2220284695112,-0.00384191594235056,-3.72690210288216,-0.568908354652576,-185.903590245109
1.23734375539118,-0.00407112665334009,-3.77653580811327,-0.578011122498585,-185.89665518024
1.24170513147508,-0.00412127378075265,-3.78716951894232,-0.576903507003079,-185.89633507943
1.2417049888514,-0.00413315461190532,-3.78716958919387,-0.576903124994204,-185.89633179535
1.24171361919087,-0.00413089603848282,-3.78731651727452,-0.575771940744756,-185.896309267808
1.24224824743733,-0.00413022114063622,-3.78879133867131,-0.575175418290321,-185.896305732391
1.24163733347269,-0.00412467224737758,-3.78736898946437,-0.57486180408008,-185.896305291357
0,0,0,0,-231.511158307022
0,0,0,0,-231.511158307022
0,0,0,0,-231.511158307022
-8.95999997737818e-06,-0.0010131199999887,-7.29599999613129e-05,-4.57422463659896e-05,-231.213292573754
0.0546985209502443,0.00245344310368427,-1.06885500642917,-0.74338022504781,-205.690198178729
0.267758366525629,0.00391945489730737,-1.80818203384824,-0.409050641120335,-195.786572960063
1.46574497966959,-0.00951492109021428,-2.15684207901828,-0.465473351287623,-193.204796276891
1.24808610142244,-0.00281257289121326,-3.34655529596878,-0.392854557783506,-186.700081419381
1.21154292754406,-0.00311637499699484,-3.53925238395348,-0.489857948048241,-186.095480196596
1.2220284695112,-0.00384191594235056,-3.72690210288216,-0.568908354652576,-185.903590245109
1.23734375539118,-0.00407112665334009,-3.77653580811327,-0.578011122498585,-185.89665518024
1.24170513147508,-0.00412127378075265,-3.78716951894232,-0.576903507003079,-185.89633507943
1.2417049888514,-0.00413315461190532,-3.78716958919387,-0.576903124994204,-185.89633179535
1.24171361919087,-0.00413089603848282,-3.78731651727452,-0.575771940744756,-185.896309267808
1.24224824743733,-0.00413022114063622,-3.78879133867131,-0.575175418290321,-185.896305732391
1.24163733347269,-0.00412467224737758,-3.78736898946437,-0.57486180408008,-185.896305291357
0,0,0,0,-231.511158307022
0,0,0,0,-231.511158307022
0,0,0,0,-231.511158307022
-5.37599999370287e-05,-0.00373888000001898,-0.000129279999891878,-0.00010670521594875,-229.480024064071
-0.184471841467019,0.00394118511559427,-1.78417722287816,-1.72873595665078,-187.887451891105
0.0161210844120227,0.00643477941173676,-2.84954830562745,-1.29923690447542,-169.048323393324
0.357669914258281,0.00282479214278127,-2.92347708546937,-1.31160293392251,-166.770453544398
0.763338345507392,-0.00199953938196119,-3.16627465083669,-0.902386999978394,-161.423711306729
0.756006972297638,-0.00305134698266207,-3.06681680451821,-0.853272995586552,-161.155466586949
0.735321925842409,-0.00295317357162811,-3.04452713187239,-0.851761619130942,-161.149976160648
0.734088002545908,-0.0029368978741401,-3.03964102822825,-0.850916971235584,-161.149627282719
0.734007370657922,-0.00292518578162587,-3.03501544102625,-0.849794828492395,-161.14947912539
0.734007378490417,-0.00292475759792311,-3.03501544110898,-0.84979482738936,-161.149479083917
0,0,0,0,0,0,0,0,-231.511158307022
0,0,0,0,0,0,0,0,-231.511158307022
0,0,0,0,0,0,0,0,-231.511158307022
-8.95999997737818e-06,-4.480000003241e-05,-0.0010131199999887,-0.00272576000003028,-7.29599999613129e-05,-5.63200000033249e-05,-4.57422463659896e-05,-6.09629695827607e-05,-229.379167222208
-8.74310690944261e-06,-6.06414700289582e-05,-0.00128159485144729,-0.00265365881238993,-0.000142958432158816,-0.000103450116736359,-9.30998120514188e-05,-0.000124393364346879,-229.352180220761
0.0639274896848818,-0.301491915741996,0.0028520023843649,0.00265415902987109,-1.24764212283786,-0.8608525555991,-0.867657996627528,-1.15150210917286,-182.142041840604
1.01007902662836,-0.137675776482997,0.00981176065485908,0.00899101451504484,-4.65788162365091,-3.15020441561256,0.503491849901954,-0.285761174441139,-178.108453799085
1.65092354988024,0.584834614583861,0.00196712399693297,-0.000351037057514936,-4.83344623102381,-2.81159826388732,0.260090931281198,-0.461455516731965,-170.727576176789
1.85503168940798,0.310701966007084,-0.003547518420964,0.000707922683614185,-4.43293725060801,-2.54734570288621,0.208698856815298,-0.786669212408916,-164.54363406447
1.8224249964533,0.197920297229585,-0.00513534154735832,0.00135404296826199,-4.22487377661603,-2.47681629923519,-0.078431119669837,-0.703448714418069,-161.31816231792
1.07455677317409,0.494634288662757,0.000687361199394445,-0.00255961382067156,-3.83335607788757,-2.43187481709679,-0.288163715503974,-0.878378363763081,-157.842212257658
1.1411931486967,0.45610960580767,-0.00127423716398999,-0.00208935613872113,-3.69127187833685,-2.48595646137954,-0.366206437309013,-0.908239367936972,-157.196015411803
1.14300257803884,0.336178466148637,-0.00156845890512991,-0.0015429113554843,-3.72005372700541,-2.33429150826092,-0.436359625463484,-0.91798199435749,-156.767499102138
1.25059693162082,0.219657348615166,-0.00464190423875708,-0.000568444587224671,-3.61216910316381,-2.38950493754973,-0.57731629577621,-1.00804518429135,-156.417123400965
1.22886866577233,0.208942459379455,-0.00396583424551662,-0.000594313858851354,-3.71064091817651,-2.36391590347375,-0.569656762584609,-1.00600038545336,-156.374470758078
1.23484237825601,0.219462989347554,-0.0039563761733639,-0.000684414712194071,-3.76485697093253,-2.38468908978268,-0.571229422347779,-1.01241096868072,-156.363068043699
1.24009510031896,0.22393520447873,-0.00406458355546014,-0.000697766991376884,-3.78685446987741,-2.40106276568476,-0.575063371816683,-1.01586520480134,-156.360877976614
1.24194155284016,0.224390733882123,-0.00411412460403754,-0.00069461748218547,-3.78812373789578,-2.40205272619843,-0.57536099107096,-1.01567542701242,-156.360769131054
1.24202169762037,0.22425814235736,-0.00412858061096037,-0.000690133679791606,-3.78791248848129,-2.40139061759295,-0.575250329158334,-1.01508564235215,-156.36075026573
1.2419566018754,0.224187035703255,-0.00412864162085112,-0.000689414626688246,-3.7878773306541,-2.40093323636015,-0.575125836254287,-1.01490314334777,-156.360749227988
0,0,0,0,-115.755579153511
0,0,0,0,-115.755579153511
0,0,0,0,-115.755579153511
-4.47999999960303e-05,-0.0027257599999939,-5.63199999669451e-05,-6.09629696191405e-05,-113.921453801975
-0.256748192722424,0.00181470966476588,-0.733202430410356,-0.980877185854656,-94.2722990377837
-0.135958930942894,0.00812229659222279,-2.90771886970846,-0.356259959868322,-93.3171050090861
0.485363328129581,0.00128968169926036,-2.97414447491584,-0.546619943185164,-90.6612040602942
0.0399317256423933,-0.00204533726035167,-1.78517020911639,-1.18330825837222,-87.8782656116248
0.204326942691449,-0.000734954081162089,-2.32851505769064,-1.00686663812839,-86.2328276677191
0.226007752441656,-0.000707343969950805,-2.38279840192784,-1.00524979783726,-86.2213702304966
0.225839038380589,-0.000691370554954019,-2.39502426856842,-1.01062892719156,-86.2202783984368
0.224297378346953,-0.000686896639375281,-2.40091097968162,-1.01483126740903,-86.2200253242754
0.22429735682609,-0.000688816540126371,-2.4009109829705,-1.01483126680109,-86.2200242785201
0,0,0,0,0,0,-115.062431972951
0,0,0,0,0,0,-115.062431972951
0,0,0,0,0,0,-115.062431972951
-7.68000001698966e-06,-0.00100544000000809,4.1386880002392e-05,-7.16799999645446e-05,-6.27199999507866e-05,-2.94399999984307e-05,-114.767449224657
0.368055889261184,0.0400583650211671,3.55211362546049,-5.26533330318945,-4.59719891455738,-1.78767409078461,-92.2474403280038
2.65732770188468,0.0154538889954268,3.19691031367377,-6.55602836918069,-4.45908733980442,-1.3762470486494,-66.8028742516886
5.94053814831353,-0.0296368777459053,4.05261285262214,-6.32115278384756,-2.28103433920874,-3.42606338326464,-59.0059365706648
5.72906939853829,-0.0293162711909259,2.45940121740908,-5.80253133696359,-3.75786868388023,-1.99368280381614,-51.4313398418533
4.95290398984006,-0.0198750080351237,2.13661035214019,-5.39298094651798,-3.6557203086668,-2.29113686556192,-49.4448855644165
3.73224137761976,-0.0202293888674195,2.3577784499701,-4.21772180897108,-3.02745555491343,-1.74043864861827,-48.3902788833974
3.41833095265844,-0.0140793227342934,1.69018926510434,-4.63992847762453,-2.54982622123148,-1.73575027653305,-47.7422118173684
3.96181939584377,-0.0196356322175593,1.83965206476881,-4.54922157183168,-2.8891117336859,-1.66562898907567,-47.3697290923999
3.70184552033052,-0.018433423584759,1.87219825919446,-4.36119383595062,-2.73967028883334,-1.55978245647098,-47.2019510225466
3.53251360932505,-0.0168514483459532,1.76135535608162,-4.12540548486514,-2.60219724872918,-1.54056229658587,-47.0873457074858
3.49138176771828,-0.0160693228476757,1.74938442852152,-4.10040555292255,-2.53696645498862,-1.48760663880205,-47.057649595688
3.5380514492486,-0.0162870011128301,1.71542577224289,-4.07373048650918,-2.57822356107721,-1.5168712843327,-47.0535777657067
3.53805116796936,-0.0162974950246802,1.71542606926867,-4.073730923701,-2.57822347902742,-1.51687116678624,-47.0535735678709
3.53555573162845,-0.0162947595448391,1.72067902639931,-4.08014604165575,-2.57642399275837,-1.513966927983,-47.0532453331312
3.53665754616176,-0.0163171094670056,1.72107332944307,-4.08344826161361,-2.57409170589743,-1.51246987700999,-47.0531796919701
3.53626059326064,-0.0163119796027189,1.72303296367099,-4.08584498603753,-2.57348453237533,-1.51294817582714,-47.0531307644655
3.53641566061556,-0.0163202679966333,1.72429192191401,-4.08702701008601,-2.57414246856389,-1.51184155958145,-47.0531117859012
3.53590160404075,-0.016311430112102,1.72657251903796,-4.09151840008597,-2.57334228825643,-1.51209042407248,-47.0530977996398
3.53607501551351,-0.0163158018424155,1.72676965089874,-4.09119754704326,-2.57324899417076,-1.51201446176666,-47.0530965061965
3.53624484219761,-0.01631987693138,1.72618262047505,-4.08994873907125,-2.5738585396208,-1.51158270232647,-47.0530954719255
3.53627760489607,-0.0163207288627484,1.72654130163776,-4.0902722578456,-2.57352730079355,-1.51173703655104,-47.0530949976987
0,0,0,-117.141873514631
0,0,0,-117.141873514631
0,0,0,-117.141873514631
-0.739999999836982,-0.91999999995096,-0.870500599603474,-98.819498541218
-0.345416051959639,-1.3407206623182,-1.16478659805045,-92.825522831281
-0.175821811667909,-1.84657688642275,-0.988791346036421,-89.1816332638628
0.177721532952625,-2.48048034896316,-0.913003298017824,-87.3645072862007
0.175784055802848,-2.49102819827789,-0.928723711027392,-87.3595416979299
0.174599819405972,-2.50724204237039,-0.936850904049615,-87.3581326400552
0.17406739711198,-2.51138533707332,-0.936961217091495,-87.3580470908772
0.173767490665636,-2.51157198414445,-0.93655960298952,-87.3580440407511
0.173882054309065,-2.51162632500317,-0.93648938878037,-87.3580437656451
0,0,0,0,0,0,0,-230.818011126462
0,0,0,0,0,0,0,-230.818011126462
0,0,0,0,0,0,0,-230.818011126462
-4.47999999596505e-05,-1.79199999547564e-05,-0.00272576000003028,3.53654527862091e-05,-5.63200000033249e-05,-4.99200000194833e-05,-2.81600000016624e-05,-228.983773305288
-0.256659939185376,-0.17398358941525,0.00557636092688936,0.595981946085588,-0.733102042106134,-0.624370950321328,-0.146255926696805,-212.189597907739
0.80015175896129,-0.5074622891487,-0.00234398380814869,0.187623607574864,-2.12063738315052,-0.990451810894186,0.432631204385536,-208.887234623412
1.13903667769174,-0.652513668424124,-0.00486538904744867,0.466921036197586,-2.15999032286295,-0.795845463675028,0.158228715271203,-207.197450327827
1.11590022319396,-0.799993559147429,-0.00249182517167668,0.379475232821662,-2.04936706429277,-0.87670357867699,-0.173484591522333,-206.235403988255
1.02480983729965,-0.794808439559962,-0.00320535505633168,0.506868282667092,-1.84904325146061,-0.944599796825161,-0.100891596989918,-205.525391481889
0.912951529327185,-0.643845611435223,-0.00272679648142353,0.536062225283025,-1.88656319455429,-0.860899252589299,-0.132297802812236,-205.286736347625
0.86432877262289,-0.686696261492012,-0.00244516992549962,0.550881366149019,-1.89739311337604,-0.822461298078515,-0.123002005617342,-205.233239499071
0.874951446444493,-0.657930196833685,-0.00298769607637153,0.655870095160798,-1.85369294762393,-0.925460246759473,-0.170381693656709,-205.195949003803
0.859595320722155,-0.689258796079082,-0.00264068766941325,0.617875188259454,-1.90903469095517,-0.873573362250685,-0.143444904504154,-205.151609784487
0.863497468158876,-0.691481273121418,-0.00264190472273332,0.616964663877936,-1.92054496099371,-0.876594109396473,-0.141463631712684,-205.150772675362
0.865670516561415,-0.692402425760944,-0.00264756052803714,0.617653274174165,-1.9264554881648,-0.879422620859071,-0.141032353921412,-205.150641959245
0.865728596708952,-0.692387161284054,-0.00264834737605398,0.617761137141772,-1.92652400686428,-0.879573019483611,-0.14107373053426,-205.150641669243
0,0,0,0,0,0,-230.818011126462
0,0,0,0,0,0,-230.818011126462
0,0,0,0,0,0,-230.818011126462
-4.47999999596505e-05,-0.00272576000003028,3.53654527862091e-05,-5.63200000033249e-05,-4.99200000194833e-05,-2.81600000016624e-05,-228.983863799992
-0.256662661337671,0.00514270993932702,0.595972250583401,-0.733092127256073,-0.624363273255635,-0.146255808511891,-212.532916126736
0.732514894867613,-0.00301142771115062,0.186571876528718,-2.12133133150101,-1.00160961209267,0.455001472734348,-209.928348055726
0.981653162856768,-0.00540277184474818,0.447770161240742,-2.15391937807389,-0.809285856466016,0.246662525571117,-208.529706755489
0.903396873051731,-0.00323120048468935,0.388554278223886,-2.05213813529544,-0.850321053761002,-0.0547756809451956,-207.436341192563
0.723477801769118,-0.00375367392193735,0.536142982011507,-1.81011516034964,-0.898269940056042,0.0710977251904223,-206.608796111262
0.638769480627182,-0.00314531713249791,0.541538199031772,-1.8517260472712,-0.817845583488567,0.06381085268967,-206.507503325851
0.633696919354308,-0.00291059348357632,0.596876565472342,-1.84213494439737,-0.856389952714413,-0.0503197667368509,-206.41148192145
0.621089280579729,-0.00289549541581335,0.592812768171049,-1.88173040831692,-0.842354618480835,-0.0128708897285653,-206.397922030721
0.625116268620398,-0.00292543573378598,0.594541637057717,-1.89679193082773,-0.847810720485252,-0.00715922887563353,-206.396683314049
0.626966712131841,-0.00293532662250729,0.595720046087286,-1.9004642163013,-0.850758491732317,-0.0073077788075719,-206.396589943117
0.627138185454229,-0.00293606831543406,0.595834288690633,-1.90048186509317,-0.851019427397481,-0.00754832088792316,-206.396589166585
0,0,0,0,0,0,-230.818011126462
0,0,0,0,0,0,-230.818011126462
0,0,0,0,0,0,-230.818011126462
-5.24799999402603e-05,-0.00373119999996561,7.67523327522213e-05,-0.00012799999989511,-0.00011263999993389,-5.75999999273336e-05,-228.792704417631
-0.165870140700652,0.0122074485592845,1.32324735240109,-1.76540065505697,-1.52952108442989,-0.501525584725931,-177.741008789227
0.619461780741924,0.00528061121482106,1.21529271197328,-2.3823064165896,-1.65736010463318,-0.307384035256323,-159.867236644238
1.3341282802641,0.00111646982148591,1.3970386244468,-2.56660849279852,-1.25912434603696,-1.10844391480466,-156.780630381792
2.41450677432615,-0.0139964224973624,1.00249724582436,-2.48676508601348,-2.00638499169265,-0.517584581729161,-151.885835014382
2.13335747624048,-0.0105980604189067,0.773396526074627,-2.89008894282932,-1.70479610950249,-0.446490525596179,-150.781253531066
2.00058374473685,-0.0117546048827798,1.04303604793428,-2.95032925612305,-1.40795549185659,-0.275939808627864,-150.279711122993
1.90154030054642,-0.0100858884334331,1.04722288314749,-2.86709299073085,-1.41822728140808,-0.384386297223176,-149.493228085632
1.77485637610178,-0.00791711933731468,0.996299080357359,-2.68639753827929,-1.46906094532051,-0.549158763390859,-149.034735773523
1.77040031651598,-0.00798970349480963,0.9903851788757,-2.6698073046527,-1.46272706284248,-0.541337064127088,-149.028427516518
1.76371209294633,-0.00800270116243804,0.982248954851275,-2.65052619286847,-1.45226632272134,-0.535299918121084,-149.025447440911
1.76352658294677,-0.0079854779408222,0.98184992179077,-2.649200877105,-1.45149233334461,-0.535483969978395,-149.025328036568
1.76360816826054,-0.00797481818895823,0.981905022550921,-2.64909769255292,-1.45145131433552,-0.535782954290913,-149.025311461004
1.76360816870888,-0.00797473762773654,0.981905023402427,-2.64909769300622,-1.45145131488784,-0.535782954336533,-149.025311459473
0,0,0,0,0,0,0,0,0,0,0,0,-230.818011126462
0,0,0,0,0,0,0,0,0,0,0,0,-230.818011126462
0,0,0,0,0,0,0,0,0,0,0,0,-230.818011126462
-7.67999998060987e-06,-4.47999999596505e-05,-0.00100544000000809,-0.00272576000003028,4.13868800387718e-05,3.53654527862091e-05,-7.1679999891785e-05,-5.63200000033249e-05,-6.27199999144068e-05,-4.99200000194833e-05,-2.94399999984307e-05,-2.81600000016624e-05,-228.6888810517
-6.2431408411593e-06,-6.06513266045983e-05,-0.00127198261108799,-0.00265440410429787,8.5918367788286e-05,7.39611559645678e-05,-0.00014043232331321,-0.00010346176660923,-0.00012278415309475,-9.00190313231316e-05,-5.41374591552608e-05,-3.71241136481724e-05,-228.661097477363
0.088572298694003,-0.311410339090269,0.00870140615567696,0.00686357465955974,0.853753944055805,0.722994836116717,-1.26557784249312,-0.889390481051735,-1.10494651982752,-0.757469385815807,-0.429653370813222,-0.177438496506222,-170.625258924259
2.61402513220116,1.10332411090232,-0.00946560470162358,-0.00995269545137591,1.08856203810953,-0.240540491801553,-3.38241505741079,-1.94142717951218,-1.91996431094593,-0.674577948057384,-0.417431612893999,0.695323873672115,-156.848610565325
4.22485444039915,1.05048597637844,-0.0281769104168401,-0.00543142187227985,0.775223405398271,0.607540414786326,-3.61529042654084,-2.17857756792302,-1.60036769903845,-0.818711918623481,-0.526652243942303,0.133177980191053,-153.811403100527
4.41643776758378,1.02687343728573,-0.0271555404465097,-0.00557981587934462,1.0851739934125,0.662536357122547,-3.50162125649466,-1.77837473692533,-1.78195914860787,-0.557560660531998,-1.22932681985699,-0.224188127622579,-147.858590992931
4.17208301769623,0.74174235591075,-0.0241007283277821,-0.0025800000188861,1.17476417632704,0.433002733533427,-3.24839942471556,-1.77751424947218,-1.87740359020351,-0.880409848991813,-1.49328070752273,-0.0768928581939332,-144.173823978426
3.5678005973923,0.67168189581388,-0.0174755847949541,-0.00545321951622797,1.20793258497269,0.664204263599855,-3.22896855289078,-1.68919518039454,-2.10558346188213,-0.782237090842257,-1.36749175944693,0.248515973438079,-141.227303220827
3.09192284404673,0.587455222244772,-0.013074913216847,-0.00239675775058352,1.25517346114498,0.502362230473789,-3.36307140340357,-1.81300407646998,-2.21257851561847,-0.662207203325259,-1.10994059591963,-0.0917582063647473,-139.844022824416
2.84178479428157,0.923914756731984,-0.0124909803836215,-0.00491464471553403,1.76850539845216,0.608654117979964,-3.56542611922975,-1.89470582639573,-1.83835913617405,-0.975003705989759,-1.35405867607542,-0.100863917559256,-139.767555838025
3.19162868797566,0.44535733324971,-0.0137586005682456,-0.00209402896535036,1.59782508872225,0.582842981600689,-3.77546610087169,-1.65242956013723,-2.32034839075791,-0.95545403998461,-1.3970038704499,0.0471081723889815,-138.849684950056
3.24553648887931,0.468245125521527,-0.0140774663956533,-0.00214955235778204,1.57191532416528,0.594661070852774,-3.72902401284992,-1.76871214600129,-2.40757362194022,-0.887166451046788,-1.42563209468631,0.047118898314047,-138.674343713727
3.39377635923677,0.710162378465138,-0.014863696242486,-0.00338399751613609,1.55582100899193,0.603858915408213,-3.88102940906022,-1.87521625386421,-2.53391922279361,-0.896293012739991,-1.43467437102643,-0.0574842416859303,-138.484648755042
3.42703141110048,0.683986492318818,-0.0154313106544374,-0.00322727049528855,1.60726190100495,0.600629760542501,-3.91958447883309,-1.9028430241,-2.51786167191068,-0.86042865796178,-1.43909882497844,-0.0440932837492102,-138.441836884477
3.49782248370941,0.622878546636315,-0.015923796906665,-0.00290547542480908,1.68903085206311,0.598555700653235,-4.04691973960286,-1.92219561368746,-2.54043632927925,-0.838465348405183,-1.5114559802514,-0.00466990129323359,-138.393058559946
3.51178468491831,0.623197820137637,-0.0162230405099651,-0.00291426060214857,1.71065192564226,0.59845797260446,-4.04913253723678,-1.91585127270684,-2.55244818186135,-0.843096550612061,-1.50197543291746,-0.00463640538412663,-138.389846802034
3.5355889825792,0.625488699017284,-0.0163568475756497,-0.00292755637024743,1.72712228373661,0.595882886157741,-4.0900304661696,-1.90237766518959,-2.56952333872826,-0.849528434205059,-1.50985792242378,-0.00725484597969853,-138.387315189265
3.53625226618881,0.627170728323619,-0.0163334242715437,-0.00293723657176038,1.72644358220444,0.595931174784542,-4.09048903660636,-1.90071037248649,-2.57315503827919,-0.851155449625317,-1.5113634343597,-0.00757186621024172,-138.387257837134
3.53617647905044,0.627252671946845,-0.0163235051911711,-0.002936841106416,1.7262903273934,0.595827878946305,-4.09032593121968,-1.90033096380454,-2.57353125529478,-0.851112012481057,-1.51163455303901,-0.00762388055261074,-138.387253178278
3.5361838450356,0.62717119782052,-0.0163194645202375,-0.00293595280415512,1.72641438124295,0.595808609560081,-4.09023471654107,-1.90034879079098,-2.57355811866073,-0.851019798398643,-1.51172829280171,-0.00758246975717112,-138.387252275769
0,0,0,-231.511158307022
0,0,0,-231.511158307022
0,0,0,-231.511158307022
-0.139999999646534,-1.13999999939551,-0.714722599468587,-206.417727534871
0.51471222705747,-1.81285594635037,-0.694454253511239,-195.186295289286
0.596008549374078,-2.42705549781332,-0.247776652590488,-190.773660006441
0.972907206812291,-3.18619335069591,-0.399310878453981,-186.98236645324
1.02579894962345,-3.53317072457051,-0.495638929819357,-186.31938275174
1.01335911370642,-3.72889486747138,-0.55669137735674,-186.150439146296
0.998912752140889,-3.78114498221856,-0.567251442853288,-186.136464669127
0.993190990232172,-3.78314519753639,-0.563729814566525,-186.135806085258
0.994987536016721,-3.78619735425854,-0.561303271715152,-186.135791886897
0.995069455501413,-3.78960232030809,-0.56237995731013,-186.13576438656
0.994083882274065,-3.78831952498395,-0.563006396078246,-186.135754849693
0.994178007326147,-3.78844921796603,-0.562955596229236,-186.135754748772
0,0,0,-231.511158307022
0,0,0,-231.511158307022
0,0,0,-231.511158307022
-0.839999999016072,-2.0199999983106,-1.66726899919922,-206.159510638235
0.282957633707951,-3.07605349068519,-2.16006472410623,-185.957773989231
0.603908254441174,-4.09739354500643,-1.58974185033242,-170.89103057652
0.5642510938023,-3.83533944899953,-1.04719360146092,-164.031470595344
0.498605841940811,-3.24998965577239,-0.779262410690594,-161.966603642928
0.519650264997033,-3.01999425234971,-0.813198739543072,-161.531876993355
0.537330436810244,-3.03178718198857,-0.840937664585755,-161.513336047372
0.535437585068231,-3.03186579529999,-0.83761396963094,-161.513294169508
0.536077459651011,-3.03119755854158,-0.83693429315255,-161.51327915427
0.53542794837113,-3.02808047743517,-0.83731753053192,-161.513254049573
0.536850395216944,-3.03059696165722,-0.839321328886436,-161.513230374678
0.536324080026374,-3.02987504031856,-0.838489657600914,-161.513212371234
0.536323387830856,-3.02987056488164,-0.838489794462243,-161.513212371155
0,0,0,0,0,0,-231.511158307022
0,0,0,0,0,0,-231.511158307022
0,0,0,0,0,0,-231.511158307022
-0.139999999646534,-0.700000000506407,-1.13999999939551,-0.880000000051951,-0.714722599468587,-0.952546399730636,-187.213497513811
0.384551258978775,-0.185068332590974,-1.83730893163174,-1.2499049582047,-0.786029631952762,-1.2270868688228,-170.386060999802
0.579896136548499,-0.0887412589343103,-2.50723188067801,-1.70635024341307,-0.468649059830013,-0.926475434544478,-161.488480344077
0.625572300126404,-0.0824008555871186,-2.54511348715226,-1.74628434964036,-0.532707119015094,-0.86546307523655,-161.072882985633
0.561595788447365,0.207648926143355,-2.98517908528474,-1.95659948425628,-0.636896816854765,-0.798253789048277,-159.629250111477
1.21612938601837,0.312685659936361,-3.83077650199389,-2.49222958068378,-0.345248927636938,-1.05066620073112,-157.64114873591
1.06650428076136,0.139448064799888,-3.86556555443143,-2.09034348392843,-0.524087417708424,-0.955679920206259,-156.894822169047
1.01268131942196,0.159153583600987,-3.7553454090053,-2.20752948943791,-0.544778529433812,-0.959677614170057,-156.715444300402
0.993343702515837,0.179607589304733,-3.73096971598906,-2.3636925816985,-0.554261879144866,-0.994315347925376,-156.624701873219
0.992612916905495,0.176292030972498,-3.7631697866084,-2.39786033183203,-0.561033471339563,-1.00711735729983,-156.61383959569
0.994077725049989,0.173195302805156,-3.78483658584063,-2.40161507590639,-0.56310667846158,-1.01092643988521,-156.612551836516
0.994235115719776,0.172795571493021,-3.78813429230105,-2.39991000898223,-0.563081524824937,-1.01084299880986,-156.612519494688
0.994177711186319,0.172833250382675,-3.78848047414871,-2.39947085019953,-0.562965330170442,-1.01071445515309,-156.612518435
0,0,0,0,0,0,-115.062431972951
0,0,0,0,0,0,-115.062431972951
0,0,0,0,0,0,-115.062431972951
-7.68000001698966e-06,-0.00100544000000809,4.1386880002392e-05,-7.16799999645446e-05,-6.27199999507866e-05,-2.94399999984307e-05,-114.767449224657
0.368055889261184,0.0400583650211671,3.55211362546049,-5.26533330318945,-4.59719891455738,-1.78767409078461,-92.2474403280038
2.65732770188468,0.0154538889954268,3.19691031367377,-6.55602836918069,-4.45908733980442,-1.3762470486494,-66.8028742516886
5.94053814831353,-0.0296368777459053,4.05261285262214,-6.32115278384756,-2.28103433920874,-3.42606338326464,-59.0059365706648
5.72906939853829,-0.0293162711909259,2.45940121740908,-5.80253133696359,-3.75786868388023,-1.99368280381614,-51.4313398418533
4.95290398984006,-0.0198750080351237,2.13661035214019,-5.39298094651798,-3.6557203086668,-2.29113686556192,-49.4448855644165
3.73224137761976,-0.0202293888674195,2.3577784499701,-4.21772180897108,-3.02745555491343,-1.74043864861827,-48.3902788833974
3.41833095265844,-0.0140793227342934,1.69018926510434,-4.63992847762453,-2.54982622123148,-1.73575027653305,-47.7422118173684
3.96181939584377,-0.0196356322175593,1.83965206476881,-4.54922157183168,-2.8891117336859,-1.66562898907567,-47.3697290923999
3.70184552033052,-0.018433423584759,1.87219825919446,-4.36119383595062,-2.73967028883334,-1.55978245647098,-47.2019510225466
3.53251360932505,-0.0168514483459532,1.76135535608162,-4.12540548486514,-2.60219724872918,-1.54056229658587,-47.0873457074858
3.49138176771828,-0.0160693228476757,1.74938442852152,-4.10040555292255,-2.53696645498862,-1.48760663880205,-47.057649595688
3.5380514492486,-0.0162870011128301,1.71542577224289,-4.07373048650918,-2.57822356107721,-1.5168712843327,-47.0535777657067
3.53805116796936,-0.0162974950246802,1.71542606926867,-4.073730923701,-2.57822347902742,-1.51687116678624,-47.0535735678709
3.53555573162845,-0.0162947595448391,1.72067902639931,-4.08014604165575,-2.57642399275837,-1.513966927983,-47.0532453331312
3.53665754616176,-0.0163171094670056,1.72107332944307,-4.08344826161361,-2.57409170589743,-1.51246987700999,-47.0531796919701
3.53626059326064,-0.0163119796027189,1.72303296367099,-4.08584498603753,-2.57348453237533,-1.51294817582714,-47.0531307644655
3.53641566061556,-0.0163202679966333,1.72429192191401,-4.08702701008601,-2.57414246856389,-1.51184155958145,-47.0531117859012
3.53590160404075,-0.016311430112102,1.72657251903796,-4.09151840008597,-2.57334228825643,-1.51209042407248,-47.0530977996398
3.53607501551351,-0.0163158018424155,1.72676965089874,-4.09119754704326,-2.57324899417076,-1.51201446176666,-47.0530965061965
3.53624484219761,-0.01631987693138,1.72618262047505,-4.08994873907125,-2.5738585396208,-1.51158270232647,-47.0530954719255
3.53627760489607,-0.0163207288627484,1.72654130163776,-4.0902722578456,-2.57352730079355,-1.51173703655104,-47.0530949976987
0,0,0,-117.141873514631
0,0,0,-117.141873514631
0,0,0,-117.141873514631
-0.739999999836982,-0.91999999995096,-0.870500599603474,-98.819498541218
-0.345416051959639,-1.3407206623182,-1.16478659805045,-92.825522831281
-0.175821811667909,-1.84657688642275,-0.988791346036421,-89.1816332638628
0.177721532952625,-2.48048034896316,-0.913003298017824,-87.3645072862007
0.175784055802848,-2.49102819827789,-0.928723711027392,-87.3595416979299
0.174599819405972,-2.50724204237039,-0.936850904049615,-87.3581326400552
0.17406739711198,-2.51138533707332,-0.936961217091495,-87.3580470908772
0.173767490665636,-2.51157198414445,-0.93655960298952,-87.3580440407511
0.173882054309065,-2.51162632500317,-0.93648938878037,-87.3580437656451
0,0,0,0,0,0,-230.818011126462
0,0,0,0,0,0,-230.818011126462
0,0,0,0,0,0,-230.818011126462
-4.47999999596505e-05,-0.00272576000003028,3.53654527862091e-05,-5.63200000033249e-05,-4.99200000194833e-05,-2.81600000016624e-05,-228.983863799992
-0.256662661337671,0.00514270993932702,0.595972250583401,-0.733092127256073,-0.624363273255635,-0.146255808511891,-212.532916126736
0.732514894867613,-0.00301142771115062,0.186571876528718,-2.12133133150101,-1.00160961209267,0.455001472734348,-209.928348055726
0.981653162856768,-0.00540277184474818,0.447770161240742,-2.15391937807389,-0.809285856466016,0.246662525571117,-208.529706755489
0.903396873051731,-0.00323120048468935,0.388554278223886,-2.05213813529544,-0.850321053761002,-0.0547756809451956,-207.436341192563
0.723477801769118,-0.00375367392193735,0.536142982011507,-1.81011516034964,-0.898269940056042,0.0710977251904223,-206.608796111262
0.638769480627182,-0.00314531713249791,0.541538199031772,-1.8517260472712,-0.817845583488567,0.06381085268967,-206.507503325851
0.633696919354308,-0.00291059348357632,0.596876565472342,-1.84213494439737,-0.856389952714413,-0.0503197667368509,-206.41148192145
0.621089280579729,-0.00289549541581335,0.592812768171049,-1.88173040831692,-0.842354618480835,-0.0128708897285653,-206.397922030721
0.625116268620398,-0.00292543573378598,0.594541637057717,-1.89679193082773,-0.847810720485252,-0.00715922887563353,-206.396683314049
0.626966712131841,-0.00293532662250729,0.595720046087286,-1.9004642163013,-0.850758491732317,-0.0073077788075719,-206.396589943117
0.627138185454229,-0.00293606831543406,0.595834288690633,-1.90048186509317,-0.851019427397481,-0.00754832088792316,-206.396589166585
0,0,0,0,0,0,-230.818011126462
0,0,0,0,0,0,-230.818011126462
0,0,0,0,0,0,-230.818011126462
-5.24799999402603e-05,-0.00373119999996561,7.67523327522213e-05,-0.00012799999989511,-0.00011263999993389,-5.75999999273336e-05,-228.792704417631
-0.165870140700652,0.0122074485592845,1.32324735240109,-1.76540065505697,-1.52952108442989,-0.501525584725931,-177.741008789227
0.619461780741924,0.00528061121482106,1.21529271197328,-2.3823064165896,-1.65736010463318,-0.307384035256323,-159.867236644238
1.3341282802641,0.00111646982148591,1.3970386244468,-2.56660849279852,-1.25912434603696,-1.10844391480466,-156.780630381792
2.41450677432615,-0.0139964224973624,1.00249724582436,-2.48676508601348,-2.00638499169265,-0.517584581729161,-151.885835014382
2.13335747624048,-0.0105980604189067,0.773396526074627,-2.89008894282932,-1.70479610950249,-0.446490525596179,-150.781253531066
2.00058374473685,-0.0117546048827798,1.04303604793428,-2.95032925612305,-1.40795549185659,-0.275939808627864,-150.279711122993
1.90154030054642,-0.0100858884334331,1.04722288314749,-2.86709299073085,-1.41822728140808,-0.384386297223176,-149.493228085632
1.77485637610178,-0.00791711933731468,0.996299080357359,-2.68639753827929,-1.46906094532051,-0.549158763390859,-149.034735773523
1.77040031651598,-0.00798970349480963,0.9903851788757,-2.6698073046527,-1.46272706284248,-0.541337064127088,-149.028427516518
1.76371209294633,-0.00800270116243804,0.982248954851275,-2.65052619286847,-1.45226632272134,-0.535299918121084,-149.025447440911
1.76352658294677,-0.0079854779408222,0.98184992179077,-2.649200877105,-1.45149233334461,-0.535483969978395,-149.025328036568
1.76360816826054,-0.00797481818895823,0.981905022550921,-2.64909769255292,-1.45145131433552,-0.535782954290913,-149.025311461004
1.76360816870888,-0.00797473762773654,0.981905023402427,-2.64909769300622,-1.45145131488784,-0.535782954336533,-149.025311459473
0,0,0,0,0,0,0,0,0,0,0,0,-230.818011126462
0,0,0,0,0,0,0,0,0,0,0,0,-230.818011126462
0,0,0,0,0,0,0,0,0,0,0,0,-230.818011126462
-7.67999998060987e-06,-4.47999999596505e-05,-0.00100544000000809,-0.00272576000003028,4.13868800387718e-05,3.53654527862091e-05,-7.1679999891785e-05,-5.63200000033249e-05,-6.27199999144068e-05,-4.99200000194833e-05,-2.94399999984307e-05,-2.81600000016624e-05,-228.6888810517
-6.2431408411593e-06,-6.06513266045983e-05,-0.00127198261108799,-0.00265440410429787,8.5918367788286e-05,7.39611559645678e-05,-0.00014043232331321,-0.00010346176660923,-0.00012278415309475,-9.00190313231316e-05,-5.41374591552608e-05,-3.71241136481724e-05,-228.661097477363
0.088572298694003,-0.311410339090269,0.00870140615567696,0.00686357465955974,0.853753944055805,0.722994836116717,-1.26557784249312,-0.889390481051735,-1.10494651982752,-0.757469385815807,-0.429653370813222,-0.177438496506222,-170.625258924259
2.61402513220116,1.10332411090232,-0.00946560470162358,-0.00995269545137591,1.08856203810953,-0.240540491801553,-3.38241505741079,-1.94142717951218,-1.91996431094593,-0.674577948057384,-0.417431612893999,0.695323873672115,-156.848610565325
4.22485444039915,1.05048597637844,-0.0281769104168401,-0.00543142187227985,0.775223405398271,0.607540414786326,-3.61529042654084,-2.17857756792302,-1.60036769903845,-0.818711918623481,-0.526652243942303,0.133177980191053,-153.811403100527
4.41643776758378,1.02687343728573,-0.0271555404465097,-0.00557981587934462,1.0851739934125,0.662536357122547,-3.50162125649466,-1.77837473692533,-1.78195914860787,-0.557560660531998,-1.22932681985699,-0.224188127622579,-147.858590992931
4.17208301769623,0.74174235591075,-0.0241007283277821,-0.0025800000188861,1.17476417632704,0.433002733533427,-3.24839942471556,-1.77751424947218,-1.87740359020351,-0.880409848991813,-1.49328070752273,-0.0768928581939332,-144.173823978426
3.5678005973923,0.67168189581388,-0.0174755847949541,-0.00545321951622797,1.20793258497269,0.664204263599855,-3.22896855289078,-1.68919518039454,-2.10558346188213,-0.782237090842257,-1.36749175944693,0.248515973438079,-141.227303220827
3.09192284404673,0.587455222244772,-0.013074913216847,-0.00239675775058352,1.25517346114498,0.502362230473789,-3.36307140340357,-1.81300407646998,-2.21257851561847,-0.662207203325259,-1.10994059591963,-0.0917582063647473,-139.844022824416
2.84178479428157,0.923914756731984,-0.0124909803836215,-0.00491464471553403,1.76850539845216,0.608654117979964,-3.56542611922975,-1.89470582639573,-1.83835913617405,-0.975003705989759,-1.35405867607542,-0.100863917559256,-139.767555838025
3.19162868797566,0.44535733324971,-0.0137586005682456,-0.00209402896535036,1.59782508872225,0.582842981600689,-3.77546610087169,-1.65242956013723,-2.32034839075791,-0.95545403998461,-1.3970038704499,0.0471081723889815,-138.849684950056
3.24553648887931,0.468245125521527,-0.0140774663956533,-0.00214955235778204,1.57191532416528,0.594661070852774,-3.72902401284992,-1.76871214600129,-2.40757362194022,-0.887166451046788,-1.42563209468631,0.047118898314047,-138.674343713727
3.39377635923677,0.710162378465138,-0.014863696242486,-0.00338399751613609,1.55582100899193,0.603858915408213,-3.88102940906022,-1.87521625386421,-2.53391922279361,-0.896293012739991,-1.43467437102643,-0.0574842416859303,-138.484648755042
3.42703141110048,0.683986492318818,-0.0154313106544374,-0.00322727049528855,1.60726190100495,0.600629760542501,-3.91958447883309,-1.9028430241,-2.51786167191068,-0.86042865796178,-1.43909882497844,-0.0440932837492102,-138.441836884477
3.49782248370941,0.622878546636315,-0.015923796906665,-0.00290547542480908,1.68903085206311,0.598555700653235,-4.04691973960286,-1.92219561368746,-2.54043632927925,-0.838465348405183,-1.5114559802514,-0.00466990129323359,-138.393058559946
3.51178468491831,0.623197820137637,-0.0162230405099651,-0.00291426060214857,1.71065192564226,0.59845797260446,-4.04913253723678,-1.91585127270684,-2.55244818186135,-0.843096550612061,-1.50197543291746,-0.00463640538412663,-138.389846802034
3.5355889825792,0.625488699017284,-0.0163568475756497,-0.00292755637024743,1.72712228373661,0.595882886157741,-4.0900304661696,-1.90237766518959,-2.56952333872826,-0.849528434205059,-1.50985792242378,-0.00725484597969853,-138.387315189265
3.53625226618881,0.627170728323619,-0.0163334242715437,-0.00293723657176038,1.72644358220444,0.595931174784542,-4.09048903660636,-1.90071037248649,-2.57315503827919,-0.851155449625317,-1.5113634343597,-0.00757186621024172,-138.387257837134
3.53617647905044,0.627252671946845,-0.0163235051911711,-0.002936841106416,1.7262903273934,0.595827878946305,-4.09032593121968,-1.90033096380454,-2.57353125529478,-0.851112012481057,-1.51163455303901,-0.00762388055261074,-138.387253178278
3.5361838450356,0.62717119782052,-0.0163194645202375,-0.00293595280415512,1.72641438124295,0.595808609560081,-4.09023471654107,-1.90034879079098,-2.57355811866073,-0.851019798398643,-1.51172829280171,-0.00758246975717112,-138.387252275769
0,0,0,-231.511158307022
0,0,0,-231.511158307022
0,0,0,-231.511158307022
-0.139999999646534,-1.13999999939551,-0.714722599468587,-206.417727534871
0.51471222705747,-1.81285594635037,-0.694454253511239,-195.186295289286
0.596008549374078,-2.42705549781332,-0.247776652590488,-190.773660006441
0.972907206812291,-3.18619335069591,-0.399310878453981,-186.98236645324
1.02579894962345,-3.53317072457051,-0.495638929819357,-186.31938275174
1.01335911370642,-3.72889486747138,-0.55669137735674,-186.150439146296
0.998912752140889,-3.78114498221856,-0.567251442853288,-186.136464669127
0.993190990232172,-3.78314519753639,-0.563729814566525,-186.135806085258
0.994987536016721,-3.78619735425854,-0.561303271715152,-186.135791886897
0.995069455501413,-3.78960232030809,-0.56237995731013,-186.13576438656
0.994083882274065,-3.78831952498395,-0.563006396078246,-186.135754849693
0.994178007326147,-3.78844921796603,-0.562955596229236,-186.135754748772
0,0,0,0,0,0,-230.818011126462
0,0,0,0,0,0,-230.818011126462
0,0,0,0,0,0,-230.818011126462
-4.47999999596505e-05,-0.00272576000003028,3.53654527862091e-05,-5.63200000033249e-05,-4.99200000194833e-05,-2.81600000016624e-05,-228.983863799992
-0.256662661337671,0.00514270993932702,0.595972250583401,-0.733092127256073,-0.624363273255635,-0.146255808511891,-212.532916126736
0.732514894867613,-0.00301142771115062,0.186571876528718,-2.12133133150101,-1.00160961209267,0.455001472734348,-209.928348055726
0.981653162856768,-0.00540277184474818,0.447770161240742,-2.15391937807389,-0.809285856466016,0.246662525571117,-208.529706755489
0.903396873051731,-0.00323120048468935,0.388554278223886,-2.05213813529544,-0.850321053761002,-0.0547756809451956,-207.436341192563
0.723477801769118,-0.00375367392193735,0.536142982011507,-1.81011516034964,-0.898269940056042,0.0710977251904223,-206.608796111262
0.638769480627182,-0.00314531713249791,0.541538199031772,-1.8517260472712,-0.817845583488567,0.06381085268967,-206.507503325851
0.633696919354308,-0.00291059348357632,0.596876565472342,-1.84213494439737,-0.856389952714413,-0.0503197667368509,-206.41148192145
0.621089280579729,-0.00289549541581335,0.592812768171049,-1.88173040831692,-0.842354618480835,-0.0128708897285653,-206.397922030721
0.625116268620398,-0.00292543573378598,0.594541637057717,-1.89679193082773,-0.847810720485252,-0.00715922887563353,-206.396683314049
0.626966712131841,-0.00293532662250729,0.595720046087286,-1.9004642163013,-0.850758491732317,-0.0073077788075719,-206.396589943117
0.627138185454229,-0.00293606831543406,0.595834288690633,-1.90048186509317,-0.851019427397481,-0.00754832088792316,-206.396589166585
0,0,0,-233.590599848702
0,0,0,-233.590599848702
0,0,0,-233.590599848702
-0.159999999596039,-1.15999999934502,-0.699480599450908,-208.219872202245
0.520608732367013,-1.84709511555927,-0.707903812133626,-196.659221081319
0.628779746447217,-2.46197389382615,-0.253946512507133,-192.00464566413
0.97257303234024,-3.19691685644772,-0.401314056017043,-188.474123808669
1.02716242400197,-3.55844282637004,-0.496977600743987,-187.790150173627
1.01418870292803,-3.75166677956668,-0.554613405566267,-187.62578491253
0.99920898351152,-3.80412799880157,-0.564815647722596,-187.6114922182
0.993462161613164,-3.80605390953912,-0.561312323016706,-187.610838098768
0.995148817366746,-3.80875120604345,-0.558944454352202,-187.610830050567
0.995211376010508,-3.8116444139591,-0.559855776798198,-187.610806423839
0.994219700688632,-3.81057805142197,-0.560617230980208,-187.610796602582
0.994342321847996,-3.81075512040591,-0.5605449516088,-187.610796422969
0,0,0,-233.590599848702
0,0,0,-233.590599848702
0,0,0,-233.590599848702
-0.899999998864587,-2.07999999815911,-1.56998120019125,-210.251797329837
0.257455800017211,-3.24207523686247,-2.132977730731,-188.028682677219
0.615582318900639,-4.30617541161796,-1.52545688839193,-171.83356529209
0.555840862741754,-3.95619311725578,-1.02518735891782,-165.19725331736
0.484493811436861,-3.27848217299494,-0.74060710869982,-162.85793971835
0.516496261359324,-3.08204311331228,-0.783279630088543,-162.401482069954
0.53818362711345,-3.09697267292698,-0.812174130853372,-162.378127084135
0.535931110007279,-3.0965937421913,-0.808236173408794,-162.37806806185
0.536589426571669,-3.0953291652103,-0.807454472237929,-162.378030935699
0.536187164698305,-3.09388635299416,-0.807630018286372,-162.377996412484
0.537000055541286,-3.09321508214809,-0.809598321155732,-162.377925874406
0.536723381215194,-3.09296737647562,-0.809212379048875,-162.377921332159
0.536727619544482,-3.0929803371348,-0.809212887302577,-162.377921331456
0,0,0,0,0,0,-233.590599848702
0,0,0,0,0,0,-233.590599848702
0,0,0,0,0,0,-233.590599848702
-0.159999999596039,-0.740000000405416,-1.15999999934502,-0.91999999995096,-0.699480599450908,-0.870500599603474,-189.897497238695
0.375597169330455,-0.222727461976218,-1.88254508958954,-1.33057659569593,-0.802631061618597,-1.13896988948849,-171.99779338116
0.580494840937347,-0.0926830240633469,-2.57523172815276,-1.82382589480479,-0.479544102581082,-0.800113723882728,-162.546050243889
0.730460766001666,-0.065004737524507,-2.71526410500281,-1.95136417791055,-0.585977741679942,-0.714187689972545,-161.470052960338
0.857355692623775,0.542325724796742,-3.85690859424411,-2.5453423220003,-0.550650710603532,-0.852148527890068,-159.990591681884
0.959671864402213,0.500495089510631,-3.91792802640805,-2.56925646126229,-0.460769769794163,-0.92368474698725,-159.428524073844
1.03917044083111,0.122815134657107,-3.93154533001932,-2.13425838742802,-0.552334037255907,-0.85318559930624,-158.186317800145
1.02178667686034,0.131539851430046,-3.79604479083219,-2.29407059245845,-0.543286321787293,-0.878024408327031,-157.949551194942
0.998681607478763,0.182689978419694,-3.76006712892956,-2.47533632809503,-0.54763396991056,-0.924095750654702,-157.839513983387
0.995910249788642,0.179077403389694,-3.78176279260297,-2.5056562419995,-0.555939735889011,-0.932977578066509,-157.829375334741
0.994720228243374,0.174714992168354,-3.80760660605227,-2.51408412483179,-0.560692069532568,-0.936966456951487,-157.827004367563
0.994436388904453,0.174030182008753,-3.81055094519952,-2.51233524227571,-0.560690712399681,-0.936707623095171,-157.826967524512
0.994328357082643,0.173950268025008,-3.81079478779411,-2.5118514508052,-0.560548449774115,-0.936572930923668,-157.82696652329
0,0,0,0,0,0,-231.511158307022
0,0,0,0,0,0,-231.511158307022
0,0,0,0,0,0,-231.511158307022
-8.95999997737818e-06,-4.480000003241e-05,-0.00373888000001898,7.79106303525623e-05,-0.000129279999891878,-0.00010670521594875,-229.477151783926
0.160694143710334,-0.345308615242984,0.000369607278863595,1.34168639981578,-1.78517775166138,-1.72966540060661,-185.974633102212
0.23697459824791,-0.14140992985201,0.00318088370465049,1.40357475778973,-2.80889031982774,-1.29006874004392,-166.213980690345
1.7987392203852,0.887145425684314,-0.00657177243959904,0.575046211803853,-3.63631310225767,-1.51808897925429,-164.183120678058
2.27506967467602,1.67491238475022,-0.0156511082462361,1.22832121991715,-3.54268582588023,-1.22221213137515,-159.542290655645
1.80859305270752,1.79969784354629,-0.0143182735115761,1.18485888004074,-3.52571468849175,-1.20725057592313,-157.203560476497
1.13527263219598,0.840643234225353,-0.00616369668484653,1.1720634266103,-3.39397694996607,-0.752742640032016,-151.796341834469
1.16607300858215,0.902656325019889,-0.00765264636496479,1.06257072408112,-3.2489022185288,-0.774153120742732,-151.165865795168
1.19198679872683,0.911282282135504,-0.00816290727297702,0.992273343390882,-3.15329617455206,-0.757216395373958,-151.06143253733
1.18547431049433,0.908961901354441,-0.00805849785642979,0.990743211260091,-3.13266289566573,-0.753348398567206,-151.052158326511
1.18052639693736,0.903436827833006,-0.00790366855084904,0.989123895678417,-3.11437224576702,-0.749838126122378,-151.048550979211
1.17980528597765,0.903683229034819,-0.00790660827246404,0.989414675741323,-3.11432910090458,-0.749683204172013,-151.04854391403
1.17998002105509,0.903702931268802,-0.00790698809104452,0.989379694451931,-3.11442727892068,-0.749728062190812,-151.048543645361
0,0,0,0,0,0,0,0,0,0,0,0,-230.818011126462
0,0,0,0,0,0,0,0,0,0,0,0,-230.818011126462
0,0,0,0,0,0,0,0,0,0,0,0,-230.818011126462
-7.67999998060987e-06,-4.47999999596505e-05,-0.00100544000000809,-0.00272576000003028,4.13868800387718e-05,3.53654527862091e-05,-7.1679999891785e-05,-5.63200000033249e-05,-6.27199999144068e-05,-4.99200000194833e-05,-2.94399999984307e-05,-2.81600000016624e-05,-228.6888810517
-6.2431408411593e-06,-6.06513266045983e-05,-0.00127198261108799,-0.00265440410429787,8.5918367788286e-05,7.39611559645678e-05,-0.00014043232331321,-0.00010346176660923,-0.00012278415309475,-9.00190313231316e-05,-5.41374591552608e-05,-3.71241136481724e-05,-228.661097477363
0.088572298694003,-0.311410339090269,0.00870140615567696,0.00686357465955974,0.853753944055805,0.722994836116717,-1.26557784249312,-0.889390481051735,-1.10494651982752,-0.757469385815807,-0.429653370813222,-0.177438496506222,-170.625258924259
2.61402513220116,1.10332411090232,-0.00946560470162358,-0.00995269545137591,1.08856203810953,-0.240540491801553,-3.38241505741079,-1.94142717951218,-1.91996431094593,-0.674577948057384,-0.417431612893999,0.695323873672115,-156.848610565325
4.22485444039915,1.05048597637844,-0.0281769104168401,-0.00543142187227985,0.775223405398271,0.607540414786326,-3.61529042654084,-2.17857756792302,-1.60036769903845,-0.818711918623481,-0.526652243942303,0.133177980191053,-153.811403100527
4.41643776758378,1.02687343728573,-0.0271555404465097,-0.00557981587934462,1.0851739934125,0.662536357122547,-3.50162125649466,-1.77837473692533,-1.78195914860787,-0.557560660531998,-1.22932681985699,-0.224188127622579,-147.858590992931
4.17208301769623,0.74174235591075,-0.0241007283277821,-0.0025800000188861,1.17476417632704,0.433002733533427,-3.24839942471556,-1.77751424947218,-1.87740359020351,-0.880409848991813,-1.49328070752273,-0.0768928581939332,-144.173823978426
3.5678005973923,0.67168189581388,-0.0174755847949541,-0.00545321951622797,1.20793258497269,0.664204263599855,-3.22896855289078,-1.68919518039454,-2.10558346188213,-0.782237090842257,-1.36749175944693,0.248515973438079,-141.227303220827
3.09192284404673,0.587455222244772,-0.013074913216847,-0.00239675775058352,1.25517346114498,0.502362230473789,-3.36307140340357,-1.81300407646998,-2.21257851561847,-0.662207203325259,-1.10994059591963,-0.0917582063647473,-139.844022824416
2.84178479428157,0.923914756731984,-0.0124909803836215,-0.00491464471553403,1.76850539845216,0.608654117979964,-3.56542611922975,-1.89470582639573,-1.83835913617405,-0.975003705989759,-1.35405867607542,-0.100863917559256,-139.767555838025
3.19162868797566,0.44535733324971,-0.0137586005682456,-0.00209402896535036,1.59782508872225,0.582842981600689,-3.77546610087169,-1.65242956013723,-2.32034839075791,-0.95545403998461,-1.3970038704499,0.0471081723889815,-138.849684950056
3.24553648887931,0.468245125521527,-0.0140774663956533,-0.00214955235778204,1.57191532416528,0.594661070852774,-3.72902401284992,-1.76871214600129,-2.40757362194022,-0.887166451046788,-1.42563209468631,0.047118898314047,-138.674343713727
3.39377635923677,0.710162378465138,-0.014863696242486,-0.00338399751613609,1.55582100899193,0.603858915408213,-3.88102940906022,-1.87521625386421,-2.53391922279361,-0.896293012739991,-1.43467437102643,-0.0574842416859303,-138.484648755042
3.42703141110048,0.683986492318818,-0.0154313106544374,-0.00322727049528855,1.60726190100495,0.600629760542501,-3.91958447883309,-1.9028430241,-2.51786167191068,-0.86042865796178,-1.43909882497844,-0.0440932837492102,-138.441836884477
3.49782248370941,0.622878546636315,-0.015923796906665,-0.00290547542480908,1.68903085206311,0.598555700653235,-4.04691973960286,-1.92219561368746,-2.54043632927925,-0.838465348405183,-1.5114559802514,-0.00466990129323359,-138.393058559946
3.51178468491831,0.623197820137637,-0.0162230405099651,-0.00291426060214857,1.71065192564226,0.59845797260446,-4.04913253723678,-1.91585127270684,-2.55244818186135,-0.843096550612061,-1.50197543291746,-0.00463640538412663,-138.389846802034
3.5355889825792,0.625488699017284,-0.0163568475756497,-0.00292755637024743,1.72712228373661,0.595882886157741,-4.0900304661696,-1.90237766518959,-2.56952333872826,-0.849528434205059,-1.50985792242378,-0.00725484597969853,-138.387315189265
3.53625226618881,0.627170728323619,-0.0163334242715437,-0.00293723657176038,1.72644358220444,0.595931174784542,-4.09048903660636,-1.90071037248649,-2.57315503827919,-0.851155449625317,-1.5113634343597,-0.00757186621024172,-138.387257837134
3.53617647905044,0.627252671946845,-0.0163235051911711,-0.002936841106416,1.7262903273934,0.595827878946305,-4.09032593121968,-1.90033096380454,-2.57353125529478,-0.851112012481057,-1.51163455303901,-0.00762388055261074,-138.387253178278
3.5361838450356,0.62717119782052,-0.0163194645202375,-0.00293595280415512,1.72641438124295,0.595808609560081,-4.09023471654107,-1.90034879079098,-2.57355811866073,-0.851019798398643,-1.51172829280171,-0.00758246975717112,-138.387252275769
0,0,0,0,0,0,0,0,0,0,-230.818011126462
0,0,0,0,0,0,0,0,0,0,-230.818011126462
0,0,0,0,0,0,0,0,0,0,-230.818011126462
-7.67999998060987e-06,-4.47999999596505e-05,-0.00373119999996561,7.67523327522213e-05,-0.00012799999989511,-6.27199999144068e-05,-4.99200000194833e-05,-2.94399999984307e-05,-2.81600000016624e-05,-0.000107476160046645,-228.790079419741
0.180049973867174,-0.346131409467548,0.00492993785371495,1.32394933926228,-1.76642193329428,-0.873668822022653,-0.656753539957069,-0.296200498152845,-0.205702339212305,-1.74215667984307,-180.094663065545
0.37116023409539,-0.0924298717272331,0.00774229696915714,1.28442391097865,-2.62486815471422,-1.24268723541818,-0.738799374474029,-0.565883450164052,-0.141152956586214,-1.29596049922135,-159.937002158151
3.29309137890201,0.731555091442388,-0.00549158064802855,0.359982648299671,-3.78602476673194,-1.789745891812,-0.707920213773815,-0.540002591943189,-0.0657012841373002,-1.28554157641317,-158.82941479347
4.14517882175374,2.14252753128384,-0.0195544352447066,0.596682618658668,-3.49291637468156,-2.63186998475885,-0.331127201101705,-1.36416874371783,0.3938817251452,-1.45184345280935,-155.388876583647
5.05263299339679,2.57314556819681,-0.0253456457561009,1.77180064236826,-2.70070007616274,-3.38938675729816,-0.593297085905571,-2.32244888861228,-0.209923904879052,-0.684481609210768,-154.381882867936
4.53840413391117,2.27791052137478,-0.0163928344036157,1.25653089077804,-2.56464861217467,-3.47022759235435,-1.01388360818689,-2.85452550436968,-0.663878682223741,-0.749604615162029,-145.722250662887
1.38809242792458,-0.209933130048492,0.00418633176564221,0.624273016695284,-3.57102211639099,-2.16984134333728,-0.303106902789265,-0.747507116665805,0.636936339969469,-0.709833441951439,-145.294005450197
2.803419504343,1.56577706710698,-0.00800878987374795,0.912562207394082,-3.26723585081779,-2.10356127454846,-0.779350144278821,-1.72324846082537,-0.462998950576143,-0.861930856210427,-136.282313462537
2.8592736121142,1.4900723621204,-0.00803483122696859,0.861597995487981,-3.13806143821364,-2.3585762805887,-0.864462821576775,-1.70675196103147,-0.379687011233882,-0.837587641283421,-135.785104842604
2.73111373503147,1.04863068427659,-0.00628801306531675,0.768732271796638,-2.95948546423626,-2.50175465172499,-0.564723761829714,-1.76104320405929,-0.257737533624537,-0.805424746690697,-135.600326921524
2.49500241553973,1.11622967602759,-0.00731224187857644,0.76433826434481,-2.87985370155657,-2.31780179263596,-0.93694178978014,-1.42868088477425,-0.0277141639668753,-0.744685764141724,-135.552397248535
2.53826661806122,1.32328296417405,-0.00738123924847763,0.759251227427625,-2.94404169070111,-2.42208348223017,-0.752312839887414,-1.33144971783155,-0.373093408166173,-0.768676615581527,-135.478882731008
2.7841338031193,1.22422089895653,-0.0075608587754577,0.806172690962974,-2.95344184739625,-2.27119244214839,-0.688466601158156,-1.77313184050293,-0.249520594511495,-0.786245324627198,-135.462187708026
2.59289394712285,1.1901854731845,-0.00728482739433543,0.769401662554355,-2.8959898026777,-2.31254578688848,-0.765852969638474,-1.51626016014873,-0.206623773952041,-0.758320808819197,-135.278810052899
2.59556242963457,1.21128309778312,-0.00730730936428228,0.76952768553991,-2.89205735303441,-2.30298335918655,-0.754971258183344,-1.51145784875308,-0.232887004422142,-0.758382559330866,-135.272733247026
2.59033966643774,1.20882746764863,-0.00727453169929296,0.767850925980557,-2.87973722878129,-2.28957790633661,-0.749790973205585,-1.50795836646505,-0.233460110606171,-0.755305751199515,-135.270474728472
2.58537337402219,1.20436893742416,-0.00724506075533706,0.766575303297055,-2.87230152639963,-2.2832724418508,-0.749885987892506,-1.50473457039503,-0.229327575367882,-0.753354143469878,-135.270092626714
2.58513546981844,1.20363823031946,-0.00724087388170999,0.766527447617898,-2.87209825375778,-2.2835656168075,-0.750082012205814,-1.5046193483759,-0.22863298474623,-0.753323896031105,-135.270089116898
2.58512069773803,1.20360001302069,-0.00724004082108471,0.766527497500937,-2.87210879595585,-2.28366044412437,-0.750175018022966,-1.5046423424317,-0.228581373596631,-0.753349525899658,-135.27008901303
0,0,0,0,0,0,0,0,0,0,0,0,-230.818011126462
0,0,0,0,0,0,0,0,0,0,0,0,-230.818011126462
0,0,0,0,0,0,0,0,0,0,0,0,-230.818011126462
-7.67999998060987e-06,-4.47999999596505e-05,-0.00373119999996561,4.13868800387718e-05,3.53654527862091e-05,-7.1679999891785e-05,-5.63200000033249e-05,-6.27199999144068e-05,-4.99200000194833e-05,-2.94399999984307e-05,-2.81600000016624e-05,-0.000107476160046645,-228.794040552927
0.179905078666075,-0.34592326882254,0.00262093992244271,0.735420957009364,0.587660293730661,-1.00172165974959,-0.763527653367154,-0.873078735819529,-0.656321035289441,-0.296004974577908,-0.205577377903696,-1.74096207602584,-186.693805247049
0.34366022224297,-0.21440187049279,0.00599166914558424,1.07439969854844,0.66974915635529,-1.81269507085516,-1.27045810413072,-1.38855775742701,-0.88693965222922,-0.617038835408501,-0.230197959534068,-1.28562057975957,-160.464302317425
3.46306564262575,0.805322348107648,-0.0109695265747851,1.45195261637621,-0.233749436938469,-3.49948227320136,-2.56612994140473,-1.69075584733365,-0.825556196618262,-0.474950170369109,-0.0403813050882659,-0.989264035765173,-158.665488403845
3.70015513089907,1.27951173154975,-0.0148402513529017,1.35947340429709,-0.231863227506377,-3.79155136266199,-2.61611178940255,-1.76530397655827,-0.681994790993227,-0.653881942148592,0.158260444166785,-1.06823755620975,-153.394186075656
4.15658009358611,1.70870034748834,-0.0170353874255921,1.05338464819135,0.838219773145954,-3.91577187289654,-2.41968106321205,-1.69598562309795,-0.659170420267094,-1.26260624285846,-0.249606094117875,-0.913274090523105,-145.580430322432
3.8631583269014,1.72405416197016,-0.0131489753179723,1.2621924354202,0.621800203895903,-3.64266863059197,-2.06079118590934,-1.95489872038005,-0.778641431303083,-1.92801512119848,-0.649565077361373,-0.886758760498364,-137.691682974853
3.43525192716191,1.3916136835356,-0.0101577677367058,1.17153296136485,0.614180965858674,-3.63328817098056,-2.03668852391296,-2.04340064361503,-1.00371055985418,-1.80591027968551,-0.292016005472758,-0.809314164182916,-134.041651686383
3.10391583402138,1.20818353233185,-0.008389184868842,1.24586356460154,0.612072067134372,-3.76389330737799,-2.01394177993668,-2.12107194936011,-0.711712122216688,-1.58525086673369,-0.338889102841608,-0.7850555709807,-132.689364616909
2.42259068981208,1.10185564542633,-0.00421438335109788,1.29181032702543,0.362223531527273,-3.93821179970066,-2.16157595435266,-1.82880866807411,-1.0137999832955,-1.63394677780347,-0.392495015343341,-0.755723285591211,-132.344326694239
2.47827907895646,1.09337757766062,-0.00522241541416792,1.38481744227913,0.411901243455919,-3.90058933905944,-2.0726334063999,-1.9327441377788,-1.00481241879405,-1.6179240849851,-0.300694432302907,-0.73463886110095,-131.985983000391
2.5796235862605,1.06286093146157,-0.00540701347594443,1.31034388718378,0.42711819314281,-3.91867424539036,-2.03643271250611,-2.06295358505702,-0.953826476910712,-1.62217915903531,-0.293316206988573,-0.7388388255364,-131.73670652754
2.85874738963519,1.11836534986174,-0.00769908974334169,1.4270883040945,0.567502891757767,-3.9147755431642,-2.18384017933127,-2.21121066738659,-0.7427048552436,-1.67669306249167,-0.212568608348529,-0.749195155347221,-131.611746371982
2.89339997352611,1.16107835048879,-0.00789942937738611,1.39250492544572,0.52896996776743,-4.14633265243492,-1.89302520174355,-2.29768090142054,-0.912078300859951,-1.57171587253462,-0.288739193083735,-0.755995687911253,-131.576870117528
2.82640340668401,1.05321784383111,-0.00663104092341605,1.32402499473039,0.491807559518048,-4.05718732987641,-2.03471025841639,-2.31001061752563,-0.864887207148403,-1.70147505571665,-0.241521630100165,-0.756372953313692,-131.462163781515
2.84498533545051,1.13695211215341,-0.00718033881974218,1.38044381989135,0.517295594122829,-4.0668866935955,-2.09244192638738,-2.29993678625835,-0.870206140127813,-1.6628278682746,-0.271689255381445,-0.760455112886959,-131.446140865357
2.88179303145169,1.10933295713074,-0.00727194524338752,1.41875623922281,0.520516759425632,-4.14483736199753,-2.05853329048495,-2.26322137729188,-0.853061035402857,-1.71202674921226,-0.254837649424737,-0.769801019315787,-131.442255291559
2.8786108495181,1.11069791705246,-0.0071208151883632,1.39334574183201,0.513213596334479,-4.14235487306197,-2.06228431171251,-2.31914618045844,-0.870864278387956,-1.70825121518398,-0.2608891790065,-0.768912256478326,-131.432747590247
2.88209542795594,1.11660153773216,-0.00710562660644579,1.39929792042024,0.513321497160149,-4.15361684903134,-2.07515755641346,-2.32594298895242,-0.873420752621799,-1.7136417337603,-0.264491724677185,-0.771134459635555,-131.431457028481
2.88766094938009,1.11746246258748,-0.0071051120064974,1.40446683924555,0.513799663143776,-4.16533627533306,-2.07805783215255,-2.330757472868,-0.874013747645785,-1.71944446493415,-0.264899387761937,-0.772846068158245,-131.431227495048
2.8879347312784,1.11732407365614,-0.00710384319896755,1.40500031995591,0.513822614840049,-4.16595269135815,-2.07793132102639,-2.3304499705447,-0.87389984395958,-1.71983250272564,-0.264867173417239,-0.77293489276166,-131.431225063757
2.88799090461146,1.11724447249818,-0.00710291762878464,1.40507853744135,0.51383535715467,-4.16596111008872,-2.07782483290002,-2.33048714725155,-0.873858819062201,-1.71986563228577,-0.264829975915469,-0.77293568971334,-131.431224814373
